{"cameraMode":{"drawMode":0,"name":"Shaded","section":"Shading Mode"},"sceneLighting":true,"audioPlay":false,"sceneViewState":{"m_AlwaysRefresh":false,"showFog":true,"showSkybox":true,"showFlares":true,"showImageEffects":true,"showParticleSystems":true,"showVisualEffectGraphs":true,"m_FxEnabled":true},"in2DMode":false,"pivot":{"x":1.6537222862243653,"y":0.5767466425895691,"z":-1.8485876321792603},"rotation":{"x":0.17215391993522645,"y":0.11968199163675308,"z":-0.021020662039518358,"w":0.9775801301002502},"size":26.735837936401368,"orthographic":false}