{"cameraMode":{"drawMode":0,"name":"Shaded","section":"Shading Mode"},"sceneLighting":true,"audioPlay":false,"sceneViewState":{"m_AlwaysRefresh":false,"showFog":true,"showSkybox":true,"showFlares":true,"showImageEffects":true,"showParticleSystems":true,"showVisualEffectGraphs":true,"m_FxEnabled":true},"in2DMode":false,"pivot":{"x":60.115814208984378,"y":10.295039176940918,"z":-28.349946975708009},"rotation":{"x":-0.1374114453792572,"y":0.08040659129619599,"z":-0.011320515535771847,"w":-0.98724764585495},"size":2.0960683822631838,"orthographic":false}