{"cameraMode":{"drawMode":0,"name":"Shaded","section":"Shading Mode"},"sceneLighting":true,"audioPlay":false,"sceneViewState":{"m_AlwaysRefresh":false,"showFog":true,"showSkybox":true,"showFlares":true,"showImageEffects":true,"showParticleSystems":true,"showVisualEffectGraphs":true,"m_FxEnabled":true},"in2DMode":false,"pivot":{"x":-18.559999465942384,"y":2.481753349304199,"z":0.7600001096725464},"rotation":{"x":0.46534278988838198,"y":0.04931161552667618,"z":-0.02608591690659523,"w":0.8834443688392639},"size":5.099719524383545,"orthographic":false}