{"cameraMode":{"drawMode":0,"name":"Shaded","section":"Shading Mode"},"sceneLighting":true,"audioPlay":false,"sceneViewState":{"m_AlwaysRefresh":false,"showFog":true,"showSkybox":true,"showFlares":true,"showImageEffects":true,"showParticleSystems":true,"showVisualEffectGraphs":true,"m_FxEnabled":true},"in2DMode":false,"pivot":{"x":205.85459899902345,"y":-4.717833518981934,"z":27.791141510009767},"rotation":{"x":-0.11912625283002854,"y":0.12091351300477982,"z":-0.014617604203522206,"w":-0.9853802919387817},"size":23.537572860717775,"orthographic":false}