{"cameraMode":{"drawMode":0,"name":"Shaded","section":"Shading Mode"},"sceneLighting":false,"audioPlay":false,"sceneViewState":{"m_AlwaysRefresh":false,"showFog":true,"showSkybox":false,"showFlares":true,"showImageEffects":true,"showParticleSystems":true,"showVisualEffectGraphs":true,"m_FxEnabled":true},"in2DMode":false,"pivot":{"x":-0.005980491638183594,"y":1.1167107820510865,"z":-0.23741388320922852},"rotation":{"x":0.26419171690940859,"y":-0.38595476746559145,"z":0.11631878465414047,"w":0.876262903213501},"size":2.2276837825775148,"orthographic":false}