{"cameraMode":{"drawMode":0,"name":"Shaded","section":"Shading Mode"},"sceneLighting":false,"audioPlay":false,"sceneViewState":{"m_AlwaysRefresh":false,"showFog":true,"showSkybox":false,"showFlares":true,"showImageEffects":true,"showParticleSystems":true,"showVisualEffectGraphs":true,"m_FxEnabled":true},"in2DMode":false,"pivot":{"x":-0.005980491638183594,"y":1.2917811870574952,"z":0.6912477016448975},"rotation":{"x":0.46534278988838198,"y":0.04931161552667618,"z":-0.02608591690659523,"w":0.8834443688392639},"size":2.404269218444824,"orthographic":false}